{
    "name": "pmj-esp8266",
    "version": "2.0.1",
    "description": "PMJ MakeCode Package for ESP8266 WiFi Module with Firebase Support",
    "license": "MIT",
    "dependencies": {
        "core": "*"
    },
    "files": [
        "README.md",
        "main.ts",
        "blynk.ts",
        "sntp.ts",
        "telegram.ts",
        "thingspeak.ts",
        "firebase.ts"
    ],
    "testFiles": [
        "test.ts"
    ],
    "public": true,
    "targetVersions": {
        "target": "5.0.12",
        "targetId": "microbit"
    },
    "supportedTargets": [
        "microbit"
    ],
    "preferredEditor": "tsprj"
}